date,Week,Valencia,Adriatico,Grecia
2015-01-01,1,14.859985,14.609985,18.0
2015-01-08,2,15.019989,14.269989,17.279999
2015-01-15,3,14.829987,14.5,17.100006
2015-01-22,4,14.01001,14.309998,16.519989
2015-01-29,5,13.559998,14.100006,16.359985
2015-02-05,6,13.410004,14.23999,15.839996
2015-02-12,7,12.799988,14.230011,15.619995
2015-02-19,8,13.160004,14.73999,15.679993
2015-02-26,9,13.100006,13.779999,15.410004
2015-03-05,10,13.179993,14.540009,16.170013
2015-03-12,11,13.839996,14.5,15.51001
2015-03-19,12,12.940002,14.350006,15.690002
2015-03-26,13,13.350006,14.019989,15.589996
2015-04-02,14,13.799988,14.839996,16.209991
2015-04-09,15,14.279999,13.779999,16.070007
2015-04-16,16,15.380005,15.48999,16.890015
2015-04-23,17,16.290009,15.410004,17.0
2015-04-30,18,16.540009,15.570007,17.48999
2015-05-07,19,18.359985,17.929993,19.029999
2015-05-14,20,21.279999,18.089996,19.350006
2015-05-21,21,18.570007,18.519989,20.160004
2015-05-28,22,19.529999,19.170013,20.079987
2015-06-04,23,22.320007,21.350006,21.290009
2015-06-11,24,23.76001,24.140015,21.98999
2015-06-18,25,22.339996,23.779999,23.779999
2015-06-25,26,23.329987,21.649994,23.160004
2015-07-02,27,24.429993,22.48999,23.690002
2015-07-09,28,26.01001,26.200012,24.850006
2015-07-16,29,27.76001,26.230011,25.26001
2015-07-23,30,28.25,28.389984,26.299988
2015-07-30,31,27.720001,28.899994,27.48999
2015-08-06,32,27.23999,28.869995,28.570007
2015-08-13,33,26.820007,28.170013,27.73999
2015-08-20,34,26.26001,27.029999,27.440002
2015-08-27,35,26.529999,26.290009,26.829987
2015-09-03,36,26.269989,27.179993,26.190002
2015-09-10,37,24.640015,24.390015,26.130005
2015-09-17,38,25.350006,24.660004,25.709991
2015-09-24,39,23.570007,23.940002,26.100006
2015-10-01,40,23.359985,21.540009,25.100006
2015-10-08,41,21.820007,21.670013,24.769989
2015-10-15,42,21.959991,20.640015,24.720001
2015-10-22,43,21.109985,19.380005,23.600006
2015-10-29,44,20.140015,18.100006,22.600006
2015-11-05,45,20.380005,17.51001,21.059998
2015-11-12,46,19.149994,19.019989,22.380005
2015-11-19,47,19.730011,19.179993,21.679993
2015-11-26,48,17.839996,17.980011,20.970001
2015-12-03,49,17.059998,17.480011,20.269989
2015-12-10,50,16.640015,16.119995,19.920013
2015-12-17,51,16.369995,15.809998,19.100006
2015-12-24,52,16.049988,16.059998,18.940002
2015-12-31,53,16.839996,16.600006,18.320007
2016-01-07,54,15.51001,14.829987,18.380005
2016-01-14,55,15.040009,14.779999,18.149994
2016-01-21,56,15.160004,14.410004,17.390015
2016-01-28,57,15.230011,14.269989,16.640015
2016-02-04,58,15.01001,14.309998,17.350006
2016-02-11,59,14.540009,14.269989,15.880005
2016-02-18,60,13.970001,14.529999,16.700012
2016-02-25,61,14.01001,14.070007,16.269989
2016-03-03,62,13.049988,13.769989,16.209991
2016-03-10,63,13.070007,13.790009,15.459991
2016-03-17,64,13.029999,13.829987,15.700012
2016-03-24,65,13.899994,14.26001,16.119995
2016-03-31,66,14.75,14.809998,16.679993
2016-04-07,67,14.320007,14.910004,16.700012
2016-04-14,68,14.320007,15.529999,17.25
2016-04-21,69,15.309998,16.029999,18.540009
2016-04-28,70,15.829987,15.630005,17.910004
2016-05-05,71,15.390015,16.079987,17.859985
2016-05-12,72,16.420013,17.109985,19.140015
2016-05-19,73,17.320007,17.799988,19.329987
2016-05-26,74,18.609985,18.140015,19.790009
2016-06-02,75,18.809998,19.670013,20.809998
2016-06-09,76,22.119995,21.640015,21.23999
2016-06-16,77,22.079987,22.480011,23.0
2016-06-23,78,22.299988,21.119995,24.890015
2016-06-30,79,22.910004,23.410004,24.5
2016-07-07,80,25.119995,25.410004,26.26001
2016-07-14,81,25.019989,27.179993,26.910004
2016-07-21,82,25.519989,24.690002,25.350006
2016-07-28,83,26.109985,26.089996,26.51001
2016-08-04,84,26.170013,26.019989,26.48999
2016-08-11,85,25.920013,25.299988,27.100006
2016-08-18,86,25.970001,24.959991,26.140015
2016-08-25,87,26.559998,24.279999,26.950012
2016-09-01,88,26.429993,24.829987,26.480011
2016-09-08,89,26.709991,23.160004,26.119995
2016-09-15,90,26.119995,23.679993,26.109985
2016-09-22,91,25.220001,23.059998,25.820007
2016-09-29,92,24.769989,22.140015,24.339996
2016-10-06,93,24.320007,21.26001,24.410004
2016-10-13,94,23.420013,19.339996,24.059998
2016-10-20,95,22.450012,19.019989,23.549988
2016-10-27,96,21.399994,19.049988,22.929993
2016-11-03,97,21.769989,18.079987,22.100006
2016-11-10,98,19.279999,17.559998,21.98999
2016-11-17,99,19.290009,16.809998,21.980011
2016-11-24,100,18.73999,17.019989,20.730011
2016-12-01,101,17.630005,16.269989,20.700012
2016-12-08,102,17.01001,16.190002,20.059998
2016-12-15,103,17.279999,15.910004,19.170013
2016-12-22,104,16.399994,15.220001,18.790009
2016-12-29,105,16.559998,14.769989,18.25
2017-01-05,106,15.769989,13.920013,17.899994
2017-01-12,107,15.410004,14.01001,17.070007
2017-01-19,108,14.390015,14.100006,16.470001
2017-01-26,109,13.890015,14.179993,16.26001
2017-02-02,110,14.140015,14.0,16.040009
2017-02-09,111,13.679993,13.76001,15.959991
2017-02-16,112,13.48999,14.420013,15.920013
2017-02-23,113,13.75,13.880005,16.029999
2017-03-02,114,13.850006,14.279999,15.75
2017-03-09,115,14.179993,14.299988,15.679993
2017-03-16,116,14.179993,14.290009,15.570007
2017-03-23,117,15.23999,14.76001,15.690002
2017-03-30,118,15.540009,15.109985,16.019989
2017-04-06,119,15.5,15.179993,16.130005
2017-04-13,120,16.720001,15.829987,16.299988
2017-04-20,121,16.380005,15.549988,16.730011
2017-04-27,122,16.470001,15.059998,16.769989
2017-05-04,123,16.829987,15.880005,17.829987
2017-05-11,124,18.309998,16.720001,19.029999
2017-05-18,125,20.589996,18.350006,19.5
2017-05-25,126,20.51001,19.670013,20.040009
2017-06-01,127,21.929993,21.059998,20.779999
2017-06-08,128,21.709991,23.040009,21.109985
2017-06-15,129,24.670013,23.51001,22.98999
2017-06-22,130,26.25,23.350006,23.640015
2017-06-29,131,25.839996,24.839996,24.920013
2017-07-06,132,23.769989,24.209991,24.26001
2017-07-13,133,26.269989,26.359985,25.76001
2017-07-20,134,26.309998,24.190002,25.429993
2017-07-27,135,26.029999,25.26001,26.369995
2017-08-03,136,26.679993,26.589996,25.970001
2017-08-10,137,26.130005,28.26001,27.26001
2017-08-17,138,25.640015,26.0,26.609985
2017-08-24,139,26.690002,25.100006,26.5
2017-08-31,140,26.350006,25.309998,26.190002
2017-09-07,141,26.179993,24.25,25.619995
2017-09-14,142,24.440002,22.350006,25.720001
2017-09-21,143,23.829987,22.450012,25.429993
2017-09-28,144,23.589996,22.049988,24.679993
2017-10-05,145,23.470001,21.76001,23.920013
2017-10-12,146,23.149994,20.470001,23.23999
2017-10-19,147,22.700012,20.980011,23.200012
2017-10-26,148,22.480011,18.950012,22.329987
2017-11-02,149,21.660004,17.839996,21.589996
2017-11-09,150,19.940002,17.279999,21.73999
2017-11-16,151,17.790009,16.970001,20.76001
2017-11-23,152,18.429993,16.299988,20.519989
2017-11-30,153,17.26001,15.76001,19.820007
2017-12-07,154,16.23999,15.600006,19.23999
2017-12-14,155,15.630005,15.399994,19.149994
2017-12-21,156,15.140015,14.769989,18.450012
2017-12-28,157,15.089996,14.350006,17.579987
2018-01-04,158,15.450012,14.339996,17.450012
2018-01-11,159,15.01001,14.290009,16.559998
2018-01-18,160,14.559998,14.839996,16.609985
2018-01-25,161,14.380005,14.200012,16.25
2018-02-01,162,14.040009,13.850006,15.890015
2018-02-08,163,13.970001,14.089996,15.309998
2018-02-15,164,13.690002,14.059998,15.570007
2018-02-22,165,13.76001,13.859985,15.23999
2018-03-01,166,13.140015,13.720001,15.559998
2018-03-08,167,13.609985,14.170013,15.970001
2018-03-15,168,14.170013,14.040009,15.940002
2018-03-22,169,13.910004,14.059998,15.920013
2018-03-29,170,14.519989,14.350006,16.26001
2018-04-05,171,14.269989,14.339996,16.869995
2018-04-12,172,13.779999,14.670013,16.470001
2018-04-19,173,14.540009,16.450012,17.549988
2018-04-26,174,16.869995,17.299988,17.950012
2018-05-03,175,16.029999,19.100006,19.399994
2018-05-10,176,17.429993,19.600006,20.01001
2018-05-17,177,17.160004,19.51001,20.98999
2018-05-24,178,19.160004,21.559998,19.98999
2018-05-31,179,20.25,24.390015,22.929993
2018-06-07,180,20.279999,24.670013,23.709991
2018-06-14,181,21.230011,25.429993,23.730011
2018-06-21,182,23.630005,25.519989,24.779999
2018-06-28,183,24.600006,23.049988,24.149994
2018-07-05,184,26.309998,24.950012,24.48999
2018-07-12,185,26.910004,24.179993,24.450012
2018-07-19,186,26.390015,25.140015,25.380005
2018-07-26,187,26.690002,25.540009,25.790009
2018-08-02,188,27.559998,26.769989,27.480011
2018-08-09,189,28.079987,28.410004,27.670013
2018-08-16,190,27.570007,27.429993,27.140015
2018-08-23,191,27.929993,27.720001,26.779999
2018-08-30,192,26.859985,25.51001,26.76001
2018-09-06,193,26.880005,25.5,26.829987
2018-09-13,194,26.329987,24.850006,26.649994
2018-09-20,195,25.869995,25.339996,26.059998
2018-09-27,196,25.959991,22.589996,26.320007
2018-10-04,197,24.970001,21.109985,23.5
2018-10-11,198,23.23999,21.170013,24.119995
2018-10-18,199,22.549988,21.190002,23.570007
2018-10-25,200,22.049988,20.089996,22.820007
2018-11-01,201,19.540009,18.769989,22.23999
2018-11-08,202,18.799988,18.850006,22.200012
2018-11-15,203,18.029999,18.839996,22.019989
2018-11-22,204,17.339996,17.910004,21.529999
2018-11-29,205,16.839996,16.950012,21.359985
2018-12-06,206,16.339996,16.690002,20.420013
2018-12-13,207,16.269989,15.76001,19.369995
2018-12-20,208,15.869995,15.25,19.160004
2018-12-27,209,15.190002,14.910004,18.589996
2019-01-03,210,15.459991,14.73999,18.420013
2019-01-10,211,14.670013,14.350006,17.440002
2019-01-17,212,14.48999,14.23999,16.320007
2019-01-24,213,13.690002,14.299988,16.570007
2019-01-31,214,13.799988,14.269989,16.350006
2019-02-07,215,13.350006,14.309998,15.809998
2019-02-14,216,13.709991,14.079987,15.75
2019-02-21,217,13.429993,13.910004,15.410004
2019-02-28,218,13.890015,14.23999,15.209991
2019-03-07,219,14.450012,14.130005,15.859985
2019-03-14,220,14.339996,14.019989,15.649994
2019-03-21,221,13.869995,14.299988,15.959991
2019-03-28,222,14.109985,14.890015,15.890015
2019-04-04,223,14.450012,14.910004,15.609985
2019-04-11,224,14.709991,14.959991,16.100006
2019-04-18,225,14.970001,15.649994,16.660004
2019-04-25,226,15.049988,16.25,16.630005
2019-05-02,227,15.850006,16.640015,17.149994
2019-05-09,228,15.769989,15.959991,16.970001
2019-05-16,229,16.829987,17.040009,18.109985
2019-05-23,230,16.649994,17.540009,18.540009
2019-05-30,231,16.769989,17.769989,19.329987
2019-06-06,232,19.549988,19.940002,19.959991
2019-06-13,233,19.119995,21.98999,22.660004
2019-06-20,234,20.959991,25.799988,25.269989
2019-06-27,235,23.149994,25.410004,25.549988
2019-07-04,236,25.890015,25.859985,25.700012
2019-07-11,237,24.040009,25.98999,26.959991
2019-07-18,238,25.529999,23.839996,25.660004
2019-07-25,239,27.690002,25.26001,26.730011
2019-08-01,240,26.149994,25.950012,26.970001
2019-08-08,241,26.890015,25.820007,27.25
2019-08-15,242,26.459991,27.200012,27.869995
2019-08-22,243,25.790009,26.940002,26.679993
2019-08-29,244,26.579987,27.049988,28.029999
2019-09-05,245,26.869995,26.23999,27.179993
2019-09-12,246,24.709991,24.940002,27.440002
2019-09-19,247,24.0,24.369995,26.700012
2019-09-26,248,24.350006,22.98999,25.5
2019-10-03,249,23.829987,22.670013,25.609985
2019-10-10,250,23.630005,20.839996,24.459991
2019-10-17,251,23.019989,20.679993,24.809998
2019-10-24,252,20.970001,21.519989,24.519989
2019-10-31,253,20.579987,20.459991,24.309998
2019-11-07,254,19.869995,20.170013,23.929993
2019-11-14,255,17.570007,18.390015,22.570007
2019-11-21,256,16.73999,17.730011,22.859985
2019-11-28,257,16.26001,17.570007,22.299988
2019-12-05,258,15.910004,16.549988,21.299988
2019-12-12,259,15.160004,16.26001,21.059998
2019-12-19,260,15.23999,16.390015,20.73999
2019-12-26,261,14.700012,15.980011,19.98999
2020-01-02,262,14.779999,14.679993,18.589996
2020-01-09,263,14.869995,14.670013,18.119995
2020-01-16,264,14.700012,14.630005,17.25
2020-01-23,265,13.290009,14.630005,16.910004
2020-01-30,266,14.160004,14.540009,16.589996
2020-02-06,267,14.329987,14.839996,16.459991
2020-02-13,268,14.76001,14.880005,16.839996
2020-02-20,269,14.350006,14.75,16.619995
2020-02-27,270,14.019989,14.769989,16.329987
2020-03-05,271,14.170013,14.570007,15.970001
2020-03-12,272,14.299988,14.579987,15.98999
2020-03-19,273,14.630005,14.839996,15.709991
2020-03-26,274,14.160004,14.529999,15.980011
2020-04-02,275,14.390015,14.429993,16.25
2020-04-09,276,15.329987,15.0,15.769989
2020-04-16,277,15.709991,14.839996,16.059998
2020-04-23,278,15.940002,15.140015,16.790009
2020-04-30,279,17.200012,17.23999,17.820007
2020-05-07,280,19.829987,16.880005,18.149994
2020-05-14,281,18.619995,17.480011,19.119995
2020-05-21,282,21.070007,17.630005,20.549988
2020-05-28,283,21.369995,18.01001,20.059998
2020-06-04,284,22.420013,19.200012,20.829987
2020-06-11,285,20.890015,20.559998,21.309998
2020-06-18,286,21.48999,21.920013,21.380005
2020-06-25,287,24.140015,21.920013,22.130005
2020-07-02,288,27.079987,26.790009,24.339996
2020-07-09,289,25.209991,23.720001,26.059998
2020-07-16,290,25.839996,24.390015,25.459991
2020-07-23,291,26.209991,24.380005,25.359985
2020-07-30,292,27.269989,26.029999,26.579987
2020-08-06,293,26.950012,25.929993,27.540009
2020-08-13,294,27.730011,26.799988,27.279999
2020-08-20,295,28.040009,26.690002,27.690002
2020-08-27,296,27.940002,26.459991,27.730011
2020-09-03,297,26.649994,25.670013,26.98999
2020-09-10,298,25.899994,25.730011,26.959991
2020-09-17,299,26.179993,25.790009,25.890015
2020-09-24,300,25.829987,24.799988,26.23999
2020-10-01,301,23.369995,21.609985,25.549988
2020-10-08,302,22.519989,21.329987,25.440002
2020-10-15,303,21.630005,20.070007,24.619995
2020-10-22,304,20.350006,19.100006,23.920013
2020-10-29,305,20.140015,18.75,23.600006
2020-11-05,306,19.950012,19.040009,23.049988
2020-11-12,307,19.359985,18.399994,22.329987
2020-11-19,308,19.170013,18.350006,21.429993
2020-11-26,309,18.209991,17.200012,20.980011
2020-12-03,310,17.380005,16.459991,20.059998
2020-12-10,311,15.609985,16.380005,20.25
2020-12-17,312,15.630005,15.279999,19.230011
2020-12-24,313,15.720001,15.23999,19.130005
2020-12-31,314,14.76001,15.230011,18.75
2021-01-07,315,13.779999,15.23999,18.660004
2021-01-14,316,13.579987,14.880005,18.190002
2021-01-21,317,13.670013,14.440002,17.619995
2021-01-28,318,13.839996,14.48999,17.570007
2021-02-04,319,13.640015,14.859985,17.329987
2021-02-11,320,13.339996,15.109985,17.470001
2021-02-18,321,13.140015,14.369995,16.529999
2021-02-25,322,13.720001,14.630005,17.0
2021-03-04,323,13.160004,14.470001,16.700012
2021-03-11,324,13.589996,14.480011,16.5
2021-03-18,325,14.070007,14.390015,16.48999
2021-03-25,326,14.119995,14.48999,16.450012
2021-04-01,327,14.709991,15.01001,16.399994
2021-04-08,328,14.690002,14.609985,16.459991
2021-04-15,329,14.570007,14.549988,17.040009
2021-04-22,330,14.589996,14.630005,16.790009
2021-04-29,331,15.799988,15.920013,17.440002
2021-05-06,332,16.98999,16.600006,18.429993
2021-05-13,333,17.200012,17.959991,19.279999
2021-05-20,334,17.899994,17.920013,19.970001
2021-05-27,335,17.890015,18.73999,20.630005
2021-06-03,336,20.799988,19.079987,20.609985
2021-06-10,337,21.880005,21.059998,21.350006
2021-06-17,338,23.839996,21.420013,22.440002
2021-06-24,339,22.100006,23.040009,24.089996
2021-07-01,340,23.790009,26.059998,26.410004
2021-07-08,341,25.279999,25.700012,25.940002
2021-07-15,342,24.410004,25.779999,26.790009
2021-07-22,343,25.959991,26.059998,26.609985
2021-07-29,344,26.410004,27.829987,27.320007
2021-08-05,345,26.279999,27.619995,28.51001
2021-08-12,346,25.609985,27.399994,26.920013
2021-08-19,347,26.339996,27.109985,28.040009
2021-08-26,348,26.579987,26.540009,28.209991
2021-09-02,349,26.540009,25.399994,27.029999
2021-09-09,350,26.470001,24.630005,26.029999
2021-09-16,351,26.579987,24.23999,26.01001
2021-09-23,352,24.730011,23.75,25.869995
2021-09-30,353,24.809998,22.820007,25.350006
2021-10-07,354,23.700012,22.480011,24.839996
2021-10-14,355,22.959991,20.720001,24.040009
2021-10-21,356,22.640015,19.410004,23.209991
2021-10-28,357,21.209991,18.690002,22.160004
2021-11-04,358,21.220001,18.359985,21.880005
2021-11-11,359,18.920013,17.619995,21.51001
2021-11-18,360,18.549988,17.640015,21.170013
2021-11-25,361,18.040009,17.390015,20.48999
2021-12-02,362,17.119995,16.559998,20.48999
2021-12-09,363,16.279999,15.799988,19.140015
2021-12-16,364,15.880005,15.230011,18.529999
2021-12-23,365,15.339996,14.440002,18.51001
2021-12-30,366,15.459991,15.059998,18.679993
2022-01-06,367,15.76001,15.049988,17.890015
2022-01-13,368,14.690002,14.51001,17.339996
2022-01-20,369,14.089996,14.529999,17.329987
2022-01-27,370,14.119995,14.279999,16.619995
2022-02-03,371,14.220001,14.269989,16.23999
2022-02-10,372,14.23999,14.470001,16.320007
2022-02-17,373,14.410004,14.559998,15.890015
2022-02-24,374,14.350006,14.480011,15.649994
2022-03-03,375,14.470001,14.109985,16.089996
2022-03-10,376,14.339996,14.369995,15.790009
2022-03-17,377,14.290009,14.160004,15.799988
2022-03-24,378,14.230011,14.23999,15.470001
2022-03-31,379,13.980011,14.690002,15.059998
2022-04-07,380,14.089996,14.350006,15.76001
2022-04-14,381,15.029999,14.959991,16.079987
2022-04-21,382,15.200012,15.079987,16.290009
2022-04-28,383,16.179993,16.269989,17.100006
2022-05-05,384,16.589996,16.920013,17.100006
2022-05-12,385,18.399994,17.589996,18.350006
2022-05-19,386,22.079987,20.779999,20.369995
2022-05-26,387,19.790009,20.959991,20.809998
2022-06-02,388,21.75,22.709991,22.26001
2022-06-09,389,23.600006,24.470001,22.230011
2022-06-16,390,25.079987,23.329987,24.880005
2022-06-23,391,25.529999,24.920013,25.160004
2022-06-30,392,24.519989,26.559998,26.76001
2022-07-07,393,24.660004,27.100006,27.470001
2022-07-14,394,27.029999,23.950012,25.799988
2022-07-21,395,28.440002,26.630005,25.339996
2022-07-28,396,28.429993,28.040009,27.440002
2022-08-04,397,28.589996,26.76001,25.970001
2022-08-11,398,29.389984,27.179993,28.059998
2022-08-18,399,28.440002,27.049988,27.01001
2022-08-25,400,27.399994,25.779999,26.730011
2022-09-01,401,27.589996,25.410004,27.019989
2022-09-08,402,28.089996,25.279999,26.529999
2022-09-15,403,27.769989,24.76001,26.029999
2022-09-22,404,26.420013,21.26001,25.630005
2022-09-29,405,24.549988,20.75,24.549988
2022-10-06,406,23.359985,19.809998,24.309998
2022-10-13,407,23.190002,20.170013,24.070007
2022-10-20,408,22.959991,20.109985,23.459991
2022-10-27,409,23.25,20.459991,23.630005
2022-11-03,410,23.170013,20.380005,22.529999
2022-11-10,411,21.890015,18.700012,22.23999
2022-11-17,412,20.329987,18.220001,21.790009
2022-11-24,413,18.609985,16.950012,21.380005
2022-12-01,414,17.859985,16.359985,20.410004
2022-12-08,415,16.559998,16.040009,20.100006
2022-12-15,416,16.779999,16.269989,19.579987
2022-12-22,417,16.450012,15.519989,19.339996
2022-12-29,418,16.100006,15.450012,18.730011
2023-01-05,419,15.859985,15.570007,19.029999
2023-01-12,420,14.980011,15.26001,18.529999
2023-01-19,421,14.980011,15.170013,17.98999
2023-01-26,422,14.029999,15.149994,17.399994
2023-02-02,423,13.76001,14.5,17.420013
2023-02-09,424,13.769989,13.980011,16.399994
2023-02-16,425,13.399994,14.200012,16.730011
2023-02-23,426,13.51001,14.570007,16.51001
2023-03-02,427,13.029999,14.390015,16.220001
2023-03-09,428,14.809998,14.609985,16.179993
2023-03-16,429,14.529999,14.609985,16.299988
2023-03-23,430,15.079987,14.839996,16.23999
2023-03-30,431,15.660004,14.679993,16.190002
2023-04-06,432,14.929993,14.809998,16.160004
2023-04-13,433,15.970001,14.75,16.170013
2023-04-20,434,16.350006,15.019989,16.940002
2023-04-27,435,17.959991,15.98999,17.450012
2023-05-04,436,19.040009,16.140015,17.470001
2023-05-11,437,19.100006,17.579987,17.929993
2023-05-18,438,18.799988,17.329987,18.25
2023-05-25,439,18.820007,19.700012,19.529999
2023-06-01,440,21.109985,21.959991,20.440002
2023-06-08,441,22.369995,23.369995,21.070007
2023-06-15,442,23.109985,23.440002,23.660004
2023-06-22,443,23.75,24.119995,23.709991
2023-06-29,444,26.140015,24.549988,24.859985
2023-07-06,445,25.959991,25.359985,25.290009
2023-07-13,446,27.140015,26.140015,25.619995
2023-07-20,447,27.220001,28.570007,27.200012
2023-07-27,448,27.190002,28.139984,28.519989
2023-08-03,449,28.190002,26.649994,27.609985
2023-08-10,450,25.720001,25.980011,27.149994
2023-08-17,451,27.809998,26.089996,27.269989
2023-08-24,452,29.399994,27.079987,28.139984
2023-08-31,453,25.459991,25.720001,27.519989
2023-09-07,454,25.23999,24.0,26.100006
2023-09-14,455,26.359985,24.470001,25.230011
2023-09-21,456,25.820007,24.619995,25.059998
2023-09-28,457,24.950012,23.529999,25.380005
2023-10-05,458,25.100006,22.98999,24.839996
2023-10-12,459,24.820007,23.100006,25.019989
2023-10-19,460,25.029999,22.600006,24.179993
2023-10-26,461,21.839996,21.429993,24.779999
2023-11-02,462,19.850006,20.75,24.459991
2023-11-09,463,16.25,19.190002,24.179993
2023-11-16,464,17.589996,18.660004,23.570007
2023-11-23,465,16.75,17.589996,22.779999
2023-11-30,466,16.26001,16.380005,21.679993
2023-12-07,467,15.890015,15.880005,20.390015
2023-12-14,468,15.690002,15.890015,20.380005
2023-12-21,469,15.179993,15.269989,19.950012
2023-12-28,470,14.859985,15.23999,19.23999
2024-01-04,471,14.850006,14.51001,18.98999
2024-01-11,472,14.420013,14.910004,18.519989
2024-01-18,473,14.76001,14.940002,17.670013
2024-01-25,474,14.570007,14.73999,17.589996
2024-02-01,475,14.440002,14.399994,17.51001
2024-02-08,476,14.290009,14.910004,16.579987
2024-02-15,477,14.230011,14.98999,17.01001
2024-02-22,478,14.070007,15.089996,17.079987
2024-02-29,479,13.679993,14.839996,16.269989
2024-03-07,480,13.720001,15.149994,16.920013
2024-03-14,481,13.98999,15.279999,16.920013
2024-03-21,482,14.619995,14.880005,16.589996
2024-03-28,483,14.25,15.100006,16.779999
2024-04-04,484,15.269989,15.630005,18.040009
2024-04-11,485,15.130005,17.059998,18.100006
2024-04-18,486,15.970001,16.480011,18.850006
2024-04-25,487,15.369995,15.709991,17.540009
2024-05-02,488,15.940002,17.01001,18.48999
2024-05-09,489,17.609985,18.070007,19.049988
2024-05-16,490,17.660004,19.25,18.660004
2024-05-23,491,19.350006,20.119995,20.309998
2024-05-30,492,20.790009,22.019989,21.130005
2024-06-06,493,21.579987,22.549988,23.609985
2024-06-13,494,21.26001,23.200012,24.070007
2024-06-20,495,22.829987,23.670013,24.670013
2024-06-27,496,23.309998,25.850006,26.079987
2024-07-04,497,24.25,25.920013,26.01001
2024-07-11,498,25.700012,27.470001,27.450012
2024-07-18,499,25.320007,28.690002,28.470001
2024-07-25,500,26.149994,28.160004,27.950012
2024-08-01,501,27.51001,26.779999,28.359985
2024-08-08,502,28.139984,27.609985,28.660004
2024-08-15,503,27.959991,29.139984,29.0
2024-08-22,504,27.609985,28.0,29.040009
2024-08-29,505,27.070007,27.869995,28.929993
2024-09-05,506,26.609985,27.809998,28.720001
2024-09-12,507,25.690002,25.149994,28.320007
2024-09-19,508,24.899994,22.190002,27.019989
2024-09-26,509,24.119995,22.320007,27.109985
2024-10-03,510,23.589996,20.809998,25.48999
2024-10-10,511,23.380005,20.690002,24.549988
2024-10-17,512,22.950012,20.769989,25.019989
2024-10-24,513,21.959991,20.480011,23.529999
2024-10-31,514,21.420013,20.730011,22.709991
2024-11-07,515,21.51001,19.869995,22.480011
2024-11-14,516,20.269989,19.160004,21.690002
2024-11-21,517,20.549988,17.940002,21.559998
2024-11-28,518,19.089996,16.859985,20.799988
2024-12-05,519,18.73999,16.25,20.700012
2024-12-12,520,17.48999,15.48999,20.0
2024-12-19,521,17.23999,15.429993,20.130005
2024-12-26,522,15.679993,14.880005,19.529999
2025-01-02,523,15.559998,14.5,19.350006
2025-01-09,524,15.790009,14.890015,19.079987
2025-01-16,525,15.25,14.529999,18.649994
2025-01-23,526,15.26001,14.450012,18.410004
2025-01-30,527,14.829987,14.559998,18.470001
2025-02-06,528,14.540009,14.579987,18.079987
2025-02-13,529,14.75,14.809998,17.529999
2025-02-20,530,14.690002,14.76001,17.160004
2025-02-27,531,14.769989,14.940002,17.130005
2025-03-06,532,14.720001,14.880005,17.190002
2025-03-13,533,15.0,15.25,17.269989
2025-03-20,534,14.75,15.160004,17.269989
2025-03-27,535,15.100006,15.350006,17.149994
2025-04-03,536,15.390015,15.23999,16.910004
2025-04-10,537,17.130005,15.119995,17.0
2025-04-17,538,16.600006,15.450012,17.309998
2025-04-24,539,16.579987,16.929993,17.869995
2025-05-01,540,17.26001,18.200012,18.119995
2025-05-08,541,17.679993,19.470001,18.910004
2025-05-15,542,18.98999,18.809998,20.23999
2025-05-22,543,19.980011,18.799988,21.170013
2025-05-29,544,21.429993,19.640015,20.440002
2025-06-05,545,22.480011,21.070007,21.809998
2025-06-12,546,23.549988,23.459991,24.040009
2025-06-19,547,25.390015,25.119995,25.399994
2025-06-26,548,26.890015,25.880005,25.790009
2025-07-03,549,28.690002,26.51001,26.399994
2025-07-10,550,26.420013,25.790009,27.089996
2025-07-17,551,27.889984,25.040009,26.470001
2025-07-24,552,27.170013,26.320007,26.970001
2025-07-31,553,26.190002,25.209991,26.609985
2025-08-07,554,26.589996,24.709991,26.730011
2025-08-14,555,28.269989,26.320007,27.25
2025-08-21,556,27.389984,26.690002,27.320007
2025-08-28,557,26.869995,25.589996,27.470001
2025-09-04,558,26.700012,24.649994,26.359985
2025-09-11,559,26.869995,24.880005,26.859985
2025-09-18,560,26.630005,25.040009,26.910004
2025-09-25,561,26.079987,24.380005,26.470001
2025-10-02,562,24.769989,22.839996,24.640015
2025-10-09,563,24.75,18.799988,23.98999
2025-10-16,564,23.51001,19.679993,23.709991
2025-10-23,565,23.309998,19.220001,23.440002
2025-10-30,566,22.26001,18.98999,23.079987
2025-11-06,567,21.529999,18.5,22.899994
2025-11-13,568,20.399994,18.200012,22.48999
2025-11-20,569,19.76001,17.450012,22.130005
2025-11-27,570,16.859985,16.839996,21.839996
2025-12-04,571,16.679993,16.589996,21.179993
2025-12-11,572,15.929993,16.040009,20.380005
2025-12-18,573,16.25,15.519989,19.640015
2025-12-25,574,16.070007,15.279999,18.940002
2026-01-01,575,15.25,15.190002,19.130005
2026-01-08,576,14.549988,14.859985,18.339996
2026-01-15,577,14.549988,14.899994,17.910004
2026-01-22,578,14.339996,15.089996,17.089996
2026-01-29,579,14.51001,14.769989,16.970001
2026-02-05,580,14.339996,14.720001,17.170013
2026-02-12,581,14.890015,14.609985,17.01001
2026-02-19,582,14.160004,14.790009,17.049988
2026-02-26,583,14.140015,14.890015,16.929993
2026-03-05,584,13.619995,14.809998,16.230011
2026-03-12,585,14.609985,15.170013,16.880005
2026-03-19,586,14.559998,14.380005,17.019989
2026-03-26,587,14.649994,15.230011,16.75
2026-04-02,588,14.25,14.839996,16.679993
2026-04-09,589,15.269989,16.0,16.869995
2026-04-16,590,15.410004,15.440002,16.619995
